Count,Geometry,Phase,Orientation,Angle,r/D,L/D,H/D,Froude_No,Fluid_Reynolds,Archimedes_No,Stokes_No,Particle_Reynolds,Diameter_Ratio,Density_Ratio,Hardness,Volume_Fraction,Particle_Sharpness,Erosion_Ratio(mm/kg),-20%,+20%,Reference
1,Elbow,Gas-solid,H-V,90,1.5,336,0,314.475353959912,767503.333333334,16345.3123116537,10812.2357101196,8309.58333333333,0.0108267716535433,0.000462264150943396,4.96795642259578,0.000253293796176386,1,0.232,0.1856,0.2784,Bourgoyne (1989)
2,Elbow,Gas-solid,H-V,90,1.5,336,0,290.393907935955,708730.555555556,16345.3123116537,9984.2717142996,7673.26388888889,0.0108267716535433,0.000462264150943396,5.82607410663201,0.000346450216942004,1,0.209,0.1672,0.2508,Bourgoyne (1989)
3,Elbow,Gas-solid,H-V,90,1.5,336,0,287.560796639019,701816.111111111,16345.3123116537,9886.86418537961,7598.40277777778,0.0108267716535433,0.000462264150943396,5.94143911114587,0.000272136299797688,1,0.262,0.2096,0.3144,Bourgoyne (1989)
4,Elbow,Gas-solid,H-V,90,1.5,336,0,252.146905427317,615385.555555556,16345.3123116537,8669.27007387965,6662.63888888889,0.0108267716535433,0.000462264150943396,7.72758377512973,0.000302035504452386,1,0.226,0.1808,0.2712,Bourgoyne (1989)
5,Elbow,Gas-solid,H-V,90,1.5,336,0,250.730349778849,611928.333333333,16345.3123116537,8620.56630941965,6625.20833333333,0.0108267716535433,0.000462264150943396,7.81514776504868,0.000306527165610258,1,0.238,0.1904,0.2856,Bourgoyne (1989)
6,Elbow,Gas-solid,H-V,90,1.5,336,0,250.730349778849,611928.333333333,16345.3123116537,8620.56630941965,6625.20833333333,0.0108267716535433,0.000462264150943396,7.81514776504868,0.00036781004997789,1,0.253,0.2024,0.3036,Bourgoyne (1989)
7,Elbow,Gas-solid,H-V,90,1.5,336,0,239.397904591104,584270.555555556,16345.3123116537,8230.93619373967,6325.76388888889,0.0108267716535433,0.000462264150943396,8.57255573443543,0.000275516943439321,1,0.191,0.1528,0.2292,Bourgoyne (1989)
8,Elbow,Gas-solid,H-V,90,1.5,336,0,236.564793294168,577356.111111111,16345.3123116537,8133.52866481968,6250.90277777778,0.0108267716535433,0.000462264150943396,8.77911593571696,0.000228026059076583,1,0.183,0.1464,0.2196,Bourgoyne (1989)
9,Elbow,Gas-solid,H-V,90,1.5,336,0,157.237676979956,383751.666666667,16345.3123116537,5406.11785505978,4154.79166666667,0.0108267716535433,0.000462264150943396,19.8718256903831,0.000644091995245587,1,0.0581,0.04648,0.06972,Bourgoyne (1989)
10,Elbow,Gas-solid,H-V,90,1.5,336,0,154.40456568302,376837.222222222,16345.3123116537,5308.71032613979,4079.93055555556,0.0108267716535433,0.000462264150943396,20.6077572873672,6.74393188258282E-05,1,0.0611,0.04888,0.07332,Bourgoyne (1989)
11,Elbow,Gas-solid,H-V,90,1.5,336,0,152.988010034552,373380,16345.3123116537,5260.00656167979,4042.5,0.0108267716535433,0.000462264150943396,20.9911492053507,0.00016580344508113,1,0.0712,0.05696,0.08544,Bourgoyne (1989)
12,Elbow,Gas-solid,H-V,90,1.5,336,0,152.988010034552,373380,16345.3123116537,5260.00656167979,4042.5,0.0108267716535433,0.000462264150943396,20.9911492053507,0.000358030053118911,1,0.0551,0.04408,0.06612,Bourgoyne (1989)
13,Elbow,Gas-solid,H-V,90,1.5,336,0,152.988010034552,373380,16345.3123116537,5260.00656167979,4042.5,0.0108267716535433,0.000462264150943396,20.9911492053507,0.00029502804987777,1,0.0807,0.06456,0.09684,Bourgoyne (1989)
14,Elbow,Gas-solid,H-V,90,1.5,336,0,152.988010034552,373380,16345.3123116537,5260.00656167979,4042.5,0.0108267716535433,0.000462264150943396,20.9911492053507,8.63342750602044E-05,1,0.066,0.0528,0.0792,Bourgoyne (1989)
15,Elbow,Gas-solid,H-V,90,1.5,336,0,151.571454386084,369922.777777778,16345.3123116537,5211.30279721979,4005.06944444444,0.0108267716535433,0.000462264150943396,21.3853405826893,0.000562230633493652,1,0.0482,0.03856,0.05784,Bourgoyne (1989)
16,Elbow,Gas-solid,H-V,90,1.5,336,0,151.571454386084,369922.777777778,16345.3123116537,5211.30279721979,4005.06944444444,0.0108267716535433,0.000462264150943396,21.3853405826893,0.00104561169619503,1,0.0593,0.04744,0.07116,Bourgoyne (1989)
17,Elbow,Gas-solid,H-V,90,1.5,336,0,150.154898737616,366465.555555556,16345.3123116537,5162.59903275979,3967.63888888889,0.0108267716535433,0.000462264150943396,21.7907408625143,0.00111584326219619,1,0.0513,0.04104,0.06156,Bourgoyne (1989)
18,Elbow,Gas-solid,H-V,90,1.5,336,0,147.32178744068,359551.111111111,16345.3123116537,5065.1915038398,3892.77777777778,0.0108267716535433,0.000462264150943396,22.6369049862435,0.000274130982925955,1,0.0646,0.05168,0.07752,Bourgoyne (1989)
19,Elbow,Gas-solid,H-V,90,1.5,336,0,145.905231792212,356093.888888889,16345.3123116537,5016.4877393798,3855.34722222222,0.0108267716535433,0.000462264150943396,23.078590284778,0.000254768918107201,1,0.0376,0.03008,0.04512,Bourgoyne (1989)
20,Elbow,Gas-solid,H-V,90,1.5,336,0,145.905231792212,356093.888888889,16345.3123116537,5016.4877393798,3855.34722222222,0.0108267716535433,0.000462264150943396,23.078590284778,0.00134898873741434,1,0.0397,0.03176,0.04764,Bourgoyne (1989)
21,Elbow,Gas-solid,H-V,90,1.5,336,0,138.822453549871,338807.777777778,16345.3123116537,4772.96891707981,3668.19444444444,0.0108267716535433,0.000462264150943396,25.4936239411922,0.000227507771575305,1,0.0354,0.02832,0.04248,Bourgoyne (1989)
22,Elbow,Gas-solid,H-V,90,1.5,336,0,138.822453549871,338807.777777778,16345.3123116537,4772.96891707981,3668.19444444444,0.0108267716535433,0.000462264150943396,25.4936239411922,0.000264744758226442,1,0.0355,0.0284,0.0426,Bourgoyne (1989)
23,Elbow,Gas-solid,H-V,90,1.5,336,0,131.739675307531,321521.666666667,16345.3123116537,4529.45009477982,3481.04166666667,0.0108267716535433,0.000462264150943396,28.3085633404105,0.000261476758260997,1,0.0282,0.02256,0.03384,Bourgoyne (1989)
24,Elbow,Gas-solid,H-V,90,1.5,336,0,101.992006689701,248920,16345.3123116537,3506.67104111986,2695,0.0108267716535433,0.000462264150943396,47.230085712039,0.000305528935228005,1,0.014,0.0112,0.0168,Bourgoyne (1989)
25,Elbow,Gas-solid,H-V,90,1.5,336,0,66.5781154779994,162489.444444444,16345.3123116537,2289.07692961991,1759.23611111111,0.0108267716535433,0.000462264150943396,110.837829031784,0.000267613968143389,1,0.00492,0.003936,0.005904,Bourgoyne (1989)
26,Elbow,Gas-solid,H-V,90,1.5,336,0,45.3297807509783,110631.111111111,16345.3123116537,1558.52046271994,1197.77777777778,0.0108267716535433,0.000462264150943396,239.102308917197,0.00026820413474553,1,0.00812,0.006496,0.009744,Bourgoyne (1989)
27,Elbow,Gas-solid,H-H,90,1.5,236.220472440945,0,21.1660150391251,94900.75,331.572826757812,44.1956474190726,186.8125,0.00196850393700787,0.000462264150943396,567.200983671585,2.05737621840343E-06,1,0.000476,0.0003808,0.0005712,Kesana (2013)
28,Elbow,Gas-solid,H-H,90,1.5,236.220472440945,0,33.4261111820063,149870.583333333,331.572826757812,69.7953120443278,295.020833333333,0.00196850393700787,0.000462264150943396,227.427757596026,3.32133747761761E-06,1,0.000683,0.0005464,0.0008196,Kesana (2013)
29,Elbow,Gas-solid,H-H,90,1.5,236.220472440945,0,38.0525625566785,170613.916666667,331.572826757812,79.4555628463109,335.854166666667,0.00196850393700787,0.000462264150943396,175.48797352369,2.89237759195487E-06,1,0.0012,0.00096,0.00144,Kesana (2013)
30,Elbow,Gas-solid,H-H,90,1.5,236.220472440945,0,38.7465302628793,173725.416666667,331.572826757812,80.9046004666083,341.979166666667,0.00196850393700787,0.000462264150943396,169.258130917155,2.79940633801605E-06,1,0.00176,0.001408,0.002112,Kesana (2013)
31,Elbow,Gas-solid,V-H,90,1.5,236.220472440945,0,31.2285467790371,140017.5,2652.5826140625,260.826771653543,551.25,0.00393700787401575,0.000462264150943396,260.562328424934,9.08056386097609E-06,1,0.00139,0.001112,0.001668,Vieira (2016)
32,Elbow,Gas-solid,V-H,90,1.5,236.220472440945,0,26.6020954043649,119274.166666667,2652.5826140625,222.185768445611,469.583333333333,0.00393700787401575,0.000462264150943396,359.073605712244,9.4522342422729E-06,1,0.000971,0.0007768,0.0011652,Vieira (2016)
33,Elbow,Gas-solid,V-H,90,1.5,236.220472440945,0,17.3491926550206,77787.5,2652.5826140625,144.903762029746,306.25,0.00393700787401575,0.000462264150943396,844.221944096788,2.88585962379419E-05,1,0.000355,0.000284,0.000426,Vieira (2016)
34,Elbow,Gas-solid,V-H,90,1.5,236.220472440945,0,17.3491926550206,77787.5,2652.5826140625,144.903762029746,306.25,0.00393700787401575,0.000462264150943396,844.221944096788,6.57633107746346E-06,1,0.000393,0.0003144,0.0004716,Vieira (2016)
35,Elbow,Gas-solid,V-H,90,1.5,236.220472440945,0,17.3491926550206,77787.5,2652.5826140625,144.903762029746,306.25,0.00393700787401575,0.000462264150943396,844.221944096788,1.22587222516791E-05,1,0.000276,0.0002208,0.0003312,Vieira (2016)
36,Elbow,Gas-solid,V-H,90,1.5,236.220472440945,0,17.3491926550206,77787.5,2652.5826140625,144.903762029746,306.25,0.00393700787401575,0.000462264150943396,844.221944096788,9.832540661798E-06,1,0.000394,0.0003152,0.0004728,Vieira (2016)
37,Elbow,Gas-solid,V-H,90,1.5,236.220472440945,0,12.7227412803484,57044.1666666667,2652.5826140625,106.262758821814,224.583333333333,0.00393700787401575,0.000462264150943396,1569.83419356841,2.50743378000308E-05,1,0.000161,0.0001288,0.0001932,Vieira (2016)
38,Elbow,Gas-solid,V-H,90,1.5,236.220472440945,0,31.2285467790371,140017.5,331.572826757812,65.2066929133858,275.625,0.00196850393700787,0.000462264150943396,260.562328424934,7.3070291912435E-06,1,0.000719,0.0005752,0.0008628,Vieira (2016)
39,Elbow,Gas-solid,V-H,90,1.5,236.220472440945,0,26.6020954043649,119274.166666667,331.572826757812,55.5464421114027,234.791666666667,0.00196850393700787,0.000462264150943396,359.073605712244,1.07014148268535E-05,1,0.000386,0.0003088,0.0004632,Vieira (2016)
40,Elbow,Gas-solid,V-H,90,1.5,236.220472440945,0,17.3491926550206,77787.5,331.572826757812,36.2259405074366,153.125,0.00196850393700787,0.000462264150943396,844.221944096788,1.51318168036181E-05,1,0.000153,0.0001224,0.0001836,Vieira (2016)
41,Elbow,Gas-solid,V-H,90,1.5,236.220472440945,0,12.7227412803484,57044.1666666667,331.572826757812,26.5656897054535,112.291666666667,0.00196850393700787,0.000462264150943396,1569.83419356841,2.21142383826523E-05,1,0.0000705,0.0000564,0.0000846,Vieira (2016)
42,Elbow,Gas-solid,V-H,90,1.5,236.220472440945,0,31.2285467790371,140017.5,2652.5826140625,260.826771653543,551.25,0.00393700787401575,0.000462264150943396,380.407507778781,1.63165201201391E-05,1,0.00085,0.00068,0.00102,Viera (2014)
43,Elbow,Gas-solid,V-H,90,1.5,236.220472440945,0,26.6020954043649,119274.166666667,2652.5826140625,222.185768445611,469.583333333333,0.00393700787401575,0.000462264150943396,524.228871778321,9.07747945831565E-06,1,0.000576,0.0004608,0.0006912,Viera (2014)
44,Elbow,Gas-solid,V-H,90,1.5,236.220472440945,0,17.3491926550206,77787.5,2652.5826140625,144.903762029746,306.25,0.00393700787401575,0.000462264150943396,1232.52032520325,2.43256084266872E-05,1,0.000227,0.0001816,0.0002724,Viera (2014)
45,Elbow,Gas-solid,V-H,90,1.5,236.220472440945,0,12.7227412803484,57044.1666666667,2652.5826140625,106.262758821814,224.583333333333,0.00393700787401575,0.000462264150943396,2291.87663777464,2.79473587106943E-05,1,0.0000679,0.00005432,0.00008148,Viera (2014)
46,Elbow,Gas-solid,V-H,90,1.5,236.220472440945,0,31.2285467790371,140017.5,331.572826757812,65.2066929133858,275.625,0.00196850393700787,0.000462264150943396,380.407507778781,1.07831512254541E-05,1,0.000327,0.0002616,0.0003924,Viera (2014)
47,Elbow,Gas-solid,V-H,90,1.5,236.220472440945,0,26.6020954043649,119274.166666667,331.572826757812,55.5464421114027,234.791666666667,0.00196850393700787,0.000462264150943396,524.228871778321,1.24919015555337E-05,1,0.000192,0.0001536,0.0002304,Viera (2014)
48,Elbow,Gas-solid,V-H,90,1.5,236.220472440945,0,17.3491926550206,77787.5,331.572826757812,36.2259405074366,153.125,0.00196850393700787,0.000462264150943396,1232.52032520325,1.23864156934505E-05,1,0.0000821,0.00006568,0.00009852,Viera (2014)
49,Elbow,Gas-solid,H-H,90,1.5,236.220472440945,0,31.2285467790371,140017.5,2652.5826140625,260.826771653543,551.25,0.00393700787401575,0.000462264150943396,380.407507778781,1.03575049278655E-05,1,0.00067,0.000536,0.000804,Vieira (2014)
50,Elbow,Gas-solid,H-H,90,1.5,236.220472440945,0,17.3491926550206,77787.5,2652.5826140625,144.903762029746,306.25,0.00393700787401575,0.000462264150943396,1232.52032520325,1.04710106426526E-05,1,0.00034,0.000272,0.000408,Vieira (2014)
51,Elbow,Gas-solid,V-H,90,1.5,177.165354330709,0,15.0248415743982,103716.666666667,331.572826757812,27.1694553805774,153.125,0.00147637795275591,0.000462264150943396,1232.52032520325,1.72390097766238E-06,1,0.0000493,0.00003944,0.00005916,Fan (2010)
52,Elbow,Gas-solid,V-H,90,1.5,177.165354330709,0,15.0248415743982,103716.666666667,331.572826757812,27.1694553805774,153.125,0.00147637795275591,0.000462264150943396,1232.52032520325,1.72390097766238E-06,1,0.0000536,0.00004288,0.00006432,Fan (2010)
53,Elbow,Gas-solid,V-H,90,1.5,177.165354330709,0,15.0248415743982,103716.666666667,2652.5826140625,108.67782152231,306.25,0.00295275590551181,0.000462264150943396,1232.52032520325,1.29292629046601E-06,1,0.000232,0.0001856,0.0002784,Fan (2010)
54,Elbow,Gas-solid,V-H,90,1.5,177.165354330709,0,23.0380904140773,159032.222222222,2652.5826140625,166.639326334208,469.583333333333,0.00295275590551181,0.000462264150943396,524.228871778321,8.19790608276679E-07,1,0.000546,0.0004368,0.0006552,Fan (2010)
55,Elbow,Gas-solid,H-H,90,1.5,177.165354330709,0,15.0248415743982,103716.666666667,331.572826757812,27.1694553805774,153.125,0.00147637795275591,0.000462264150943396,1232.52032520325,1.93938818195603E-06,1,0.000143,0.0001144,0.0001716,Fan (2010)
56,Elbow,Gas-solid,H-H,90,1.5,177.165354330709,0,23.0380904140773,159032.222222222,331.572826757812,41.659831583552,234.791666666667,0.00147637795275591,0.000462264150943396,524.228871778321,1.21797413303324E-06,1,0.000226,0.0001808,0.0002712,Fan (2010)
57,Elbow,Gas-solid,H-H,90,1.5,177.165354330709,0,15.0248415743982,103716.666666667,2652.5826140625,108.67782152231,306.25,0.00295275590551181,0.000462264150943396,1232.52032520325,1.58024278987236E-06,1,0.000263,0.0002104,0.0003156,Fan (2010)
58,Elbow,Gas-solid,H-H,90,1.5,177.165354330709,0,23.0380904140773,159032.222222222,2652.5826140625,166.639326334208,469.583333333333,0.00295275590551181,0.000462264150943396,524.228871778321,1.12428392044213E-06,1,0.000334,0.0002672,0.0004008,Fan (2010)
59,Elbow,Gas-solid,V-H,90,1.5,177.165354330709,0,15.0248415743982,103716.666666667,2652.5826140625,108.67782152231,306.25,0.00295275590551181,0.000462264150943396,859.278131634819,0.00199,1,0.000259,0.0002072,0.0003108,Asgharpour 2020
60,Elbow,Gas-solid,V-H,90,1.5,177.165354330709,0,23.0380904140773,159032.222222222,2652.5826140625,166.639326334208,469.583333333333,0.00295275590551181,0.000462264150943396,365.477466196284,0.000823,1,0.00077,0.000616,0.000924,Asgharpour 2020
61,Elbow,Gas-solid,V-H,90,1.5,177.165354330709,0,31.0513392537563,214347.777777778,2652.5826140625,224.600831146107,632.916666666667,0.00295275590551181,0.000462264150943396,201.18374570014,0.000288,1,0.00148,0.001184,0.001776,Asgharpour 2020
62,Elbow,Gas-solid,V-H,90,1.5,177.165354330709,0,37.0612758835156,255834.444444444,2652.5826140625,268.071959755031,755.416666666667,0.00295275590551181,0.000462264150943396,141.225405126249,0.000217,1,0.00302,0.002416,0.003624,Asgharpour 2020
63,Elbow,Gas-solid,V-H,90,1.5,177.165354330709,0,15.0248415743982,103716.666666667,41.4466033447266,6.79236384514436,76.5625,0.000738188976377953,0.000462264150943396,859.278131634819,0.00207,1,0.000333,0.0002664,0.0003996,Asgharpour 2020
64,Elbow,Gas-solid,V-H,90,1.5,177.165354330709,0,23.0380904140773,159032.222222222,41.4466033447266,10.414957895888,117.395833333333,0.000738188976377953,0.000462264150943396,365.477466196284,0.00135,1,0.000295,0.000236,0.000354,Asgharpour 2020
65,Elbow,Gas-solid,V-H,90,1.5,177.165354330709,0,31.0513392537563,214347.777777778,41.4466033447266,14.0375519466317,158.229166666667,0.000738188976377953,0.000462264150943396,201.18374570014,0.000522,1,0.00114,0.000912,0.001368,Asgharpour 2020
66,Elbow,Gas-solid,V-H,90,1.5,177.165354330709,0,37.0612758835156,255834.444444444,41.4466033447266,16.7544974846894,188.854166666667,0.000738188976377953,0.000462264150943396,141.225405126249,0.000118,1,0.00283,0.002264,0.003396,Asgharpour 2020
67,DI,Gas-solid,H-V,90,0,354.330708661417,1.81428571428571,116.390173518329,14529.8611111111,2652.5826140625,3207.34126984127,622.708333333333,0.0428571428571429,0.000462264150943396,298.110264091085,8.46520337514632E-05,1,0.00223,0.001784,0.002676,Vieira 2017
68,DI,Gas-solid,H-V,90,0,354.330708661417,1.81428571428571,116.390173518329,14529.8611111111,2652.5826140625,3207.34126984127,622.708333333333,0.0428571428571429,0.000462264150943396,298.110264091085,8.94735536039863E-05,1,0.00223,0.001784,0.002676,Vieira 2017
69,DI,Gas-solid,H-V,90,0,354.330708661417,1.81428571428571,116.390173518329,14529.8611111111,2652.5826140625,3207.34126984127,622.708333333333,0.0428571428571429,0.000462264150943396,298.110264091085,8.03661992912481E-05,1,0.00357,0.002856,0.004284,Vieira 2017
70,DI,Gas-solid,H-V,90,0,354.330708661417,1.81428571428571,116.390173518329,14529.8611111111,2652.5826140625,3207.34126984127,622.708333333333,0.0428571428571429,0.000462264150943396,298.110264091085,8.03661992912481E-05,1,0.00268,0.002144,0.003216,Vieira 2017
71,DI,Gas-solid,H-V,90,0,354.330708661417,1.81428571428571,116.390173518329,14529.8611111111,2652.5826140625,3207.34126984127,622.708333333333,0.0428571428571429,0.000462264150943396,298.110264091085,8.25091211138288E-05,1,0.00257,0.002056,0.003084,Vieira 2017
72,DI,Gas-solid,H-V,90,0,354.330708661417,1.81428571428571,116.390173518329,14529.8611111111,2652.5826140625,3207.34126984127,622.708333333333,0.0428571428571429,0.000462264150943396,298.110264091085,8.25091211138288E-05,1,0.0029,0.00232,0.00348,Vieira 2017
73,DI,Gas-solid,H-V,90,0,354.330708661417,1.81428571428571,116.390173518329,14529.8611111111,2652.5826140625,3207.34126984127,622.708333333333,0.0428571428571429,0.000462264150943396,298.110264091085,8.25091211138288E-05,1,0.00234,0.001872,0.002808,Vieira 2017
74,DI,Gas-solid,H-V,90,0,354.330708661417,1.81428571428571,116.390173518329,14529.8611111111,2652.5826140625,3207.34126984127,622.708333333333,0.0428571428571429,0.000462264150943396,298.110264091085,8.46520337514632E-05,1,0.0029,0.00232,0.00348,Vieira 2017
75,DI,Gas-solid,H-V,90,0,354.330708661417,1.81428571428571,116.390173518329,14529.8611111111,2652.5826140625,3207.34126984127,622.708333333333,0.0428571428571429,0.000462264150943396,298.110264091085,8.46520337514632E-05,1,0.00245,0.00196,0.00294,Vieira 2017
76,DI,Gas-solid,H-V,90,0,354.330708661417,1.81428571428571,116.390173518329,14529.8611111111,2652.5826140625,3207.34126984127,622.708333333333,0.0428571428571429,0.000462264150943396,298.110264091085,8.46520337514632E-05,1,0.00283,0.002264,0.003396,Vieira 2017
77,DI,Gas-solid,H-V,90,0,354.330708661417,1.81428571428571,116.390173518329,14529.8611111111,331.572826757812,801.835317460317,311.354166666667,0.0214285714285714,0.000462264150943396,298.110264091085,0.000153220388857435,1,0.000223,0.0001784,0.0002676,Vieira 2017
78,DI,Gas-solid,H-V,90,0,354.330708661417,1.81428571428571,116.390173518329,14529.8611111111,331.572826757812,801.835317460317,311.354166666667,0.0214285714285714,0.000462264150943396,298.110264091085,0.000153220388857435,1,0.000335,0.000268,0.000402,Vieira 2017
79,DI,Gas-solid,H-V,90,0,354.330708661417,1.81428571428571,116.390173518329,14529.8611111111,331.572826757812,801.835317460317,311.354166666667,0.0214285714285714,0.000462264150943396,298.110264091085,0.000153220388857435,1,0.000781,0.0006248,0.0009372,Vieira 2017
80,DI,Gas-solid,H-V,90,0,354.330708661417,1.81428571428571,116.390173518329,14529.8611111111,331.572826757812,801.835317460317,311.354166666667,0.0214285714285714,0.000462264150943396,298.110264091085,0.000153220388857435,1,0.000558,0.0004464,0.0006696,Vieira 2017
81,DI,Gas-solid,H-V,90,0,354.330708661417,1.81428571428571,116.390173518329,14529.8611111111,331.572826757812,801.835317460317,311.354166666667,0.0214285714285714,0.000462264150943396,298.110264091085,0.000153220388857435,1,0.000736,0.0005888,0.0008832,Vieira 2017
82,DI,Gas-solid,H-V,90,0,354.330708661417,1.81428571428571,116.390173518329,14529.8611111111,331.572826757812,801.835317460317,311.354166666667,0.0214285714285714,0.000462264150943396,298.110264091085,0.000148935142173322,1,0.000669,0.0005352,0.0008028,Vieira 2017
83,DI,Gas-solid,H-V,90,0,354.330708661417,1.81428571428571,116.390173518329,14529.8611111111,331.572826757812,801.835317460317,311.354166666667,0.0214285714285714,0.000462264150943396,298.110264091085,7.8759001896656E-05,1,0.000469,0.0003752,0.0005628,Vieira 2017
84,DI,Gas-solid,H-V,90,0,354.330708661417,1.81428571428571,116.390173518329,14529.8611111111,331.572826757812,801.835317460317,311.354166666667,0.0214285714285714,0.000462264150943396,298.110264091085,0.000144649858756746,1,0.00087,0.000696,0.001044,Vieira 2017
85,DI,Gas-solid,H-V,90,0,354.330708661417,1.81428571428571,116.390173518329,14529.8611111111,331.572826757812,801.835317460317,311.354166666667,0.0214285714285714,0.000462264150943396,298.110264091085,0.000150006457288001,1,0.000622,0.0004976,0.0007464,Vieira 2017
86,DI,Gas-solid,H-V,90,0,354.330708661417,1.81428571428571,116.390173518329,14529.8611111111,331.572826757812,801.835317460317,311.354166666667,0.0214285714285714,0.000462264150943396,298.110264091085,0.000150006457288001,1,0.000622,0.0004976,0.0007464,Vieira 2017
87,DI,Gas-solid,H-V,90,0,354.330708661417,1.81428571428571,116.390173518329,14529.8611111111,331.572826757812,801.835317460317,311.354166666667,0.0214285714285714,0.000462264150943396,298.110264091085,0.000123222890670373,1,0.000478,0.0003824,0.0005736,Vieira 2017
88,DI,Liquid-solid,V-H,90,0,354.330708661417,3,119.728285652644,1920,0.0049663125,0.146484375,45,0.0234375,0.4,132.001836547291,0.0340030911901082,1,0.0288091822094691,0.0230473457675753,0.0345710186513629,https://www.sciencedirect.com/science/article/pii/S0043164815003749
89,DI,Liquid-solid,V-H,90,0,354.330708661417,3,119.728285652644,1920,0.0049663125,0.146484375,45,0.0234375,0.4,132.001836547291,0.0340030911901082,1,0.0216183963269339,0.0172947170615471,0.0259420755923207,https://www.sciencedirect.com/science/article/pii/S0043164815003749
90,DI,Liquid-solid,V-H,90,0,354.330708661417,3,119.728285652644,1920,0.0049663125,0.146484375,45,0.0234375,0.4,132.001836547291,0.0340030911901082,1,0.0177983645092445,0.0142386916073956,0.0213580374110934,https://www.sciencedirect.com/science/article/pii/S0043164815003749
91,DI,Liquid-solid,V-H,90,0,354.330708661417,3,119.728285652644,1920,0.0049663125,0.146484375,45,0.0234375,0.4,132.001836547291,0.0340030911901082,1,0.017098602856947,0.0136788822855576,0.0205183234283364,https://www.sciencedirect.com/science/article/pii/S0043164815003749
92,DI,Liquid-solid,V-H,90,0,354.330708661417,3,119.728285652644,1920,0.0049663125,0.146484375,45,0.0234375,0.4,132.001836547291,0.0340030911901082,1,0.0162434926922445,0.0129947941537956,0.0194921912306934,https://www.sciencedirect.com/science/article/pii/S0043164815003749
93,DI,Liquid-solid,V-H,90,0,354.330708661417,3,119.728285652644,1920,0.0049663125,0.146484375,45,0.0234375,0.4,132.001836547291,0.0340030911901082,1,0.0181643833837322,0.0145315067069858,0.0217972600604786,https://www.sciencedirect.com/science/article/pii/S0043164815003749
94,DI,Liquid-solid,V-H,90,0,354.330708661417,3,119.728285652644,1920,0.0049663125,0.146484375,45,0.0234375,0.4,132.001836547291,0.0340030911901082,1,0.0164254259152173,0.0131403407321738,0.0197105110982608,https://www.sciencedirect.com/science/article/pii/S0043164815003749
95,DI,Liquid-solid,V-H,90,0,354.330708661417,3,119.728285652644,1920,0.0049663125,0.146484375,45,0.0234375,0.4,132.001836547291,0.0340030911901082,1,0.0166314554943886,0.0133051643955109,0.0199577465932663,https://www.sciencedirect.com/science/article/pii/S0043164815003749
96,DI,Liquid-solid,V-H,90,0,354.330708661417,3,119.728285652644,1920,0.0049663125,0.146484375,45,0.0234375,0.4,132.001836547291,0.0605035700864337,1,0.02606959002667,0.020855672021336,0.031283508032004,https://www.sciencedirect.com/science/article/pii/S0043164815003749
97,DI,Liquid-solid,V-H,90,0,354.330708661417,3,119.728285652644,1920,0.0049663125,0.146484375,45,0.0234375,0.4,132.001836547291,0.0605035700864337,1,0.0191716482509293,0.0153373186007434,0.0230059779011152,https://www.sciencedirect.com/science/article/pii/S0043164815003749
98,DI,Liquid-solid,V-H,90,0,354.330708661417,3,119.728285652644,1920,0.0049663125,0.146484375,45,0.0234375,0.4,132.001836547291,0.0605035700864337,1,0.0156688157448252,0.0125350525958602,0.0188025788937902,https://www.sciencedirect.com/science/article/pii/S0043164815003749
99,DI,Liquid-solid,V-H,90,0,354.330708661417,3,119.728285652644,1920,0.0049663125,0.146484375,45,0.0234375,0.4,132.001836547291,0.0605035700864337,1,0.0138279043494634,0.0110623234795707,0.0165934852193561,https://www.sciencedirect.com/science/article/pii/S0043164815003749
100,DI,Liquid-solid,V-H,90,0,354.330708661417,3,119.728285652644,1920,0.0049663125,0.146484375,45,0.0234375,0.4,132.001836547291,0.0605035700864337,1,0.0129045142905854,0.0103236114324683,0.0154854171487025,https://www.sciencedirect.com/science/article/pii/S0043164815003749
101,DI,Liquid-solid,V-H,90,0,354.330708661417,3,119.728285652644,1920,0.0049663125,0.146484375,45,0.0234375,0.4,132.001836547291,0.0605035700864337,1,0.0128020890711386,0.0102416712569109,0.0153625068853663,https://www.sciencedirect.com/science/article/pii/S0043164815003749
102,DI,Liquid-solid,V-H,90,0,354.330708661417,3,119.728285652644,1920,0.0049663125,0.146484375,45,0.0234375,0.4,132.001836547291,0.0605035700864337,1,0.0130133345739391,0.0104106676591513,0.0156160014887269,https://www.sciencedirect.com/science/article/pii/S0043164815003749
103,DI,Liquid-solid,V-H,90,0,354.330708661417,3,119.728285652644,1920,0.0049663125,0.146484375,45,0.0234375,0.4,132.001836547291,0.0605035700864337,1,0.0132607207508709,0.0106085766006967,0.0159128649010451,https://www.sciencedirect.com/science/article/pii/S0043164815003749
104,DI,Liquid-solid,V-H,90,0,354.330708661417,3,119.728285652644,1920,0.0049663125,0.146484375,45,0.0234375,0.4,132.001836547291,0.0605035700864337,1,0.0136543924677363,0.010923513974189,0.0163852709612836,https://www.sciencedirect.com/science/article/pii/S0043164815003749
105,DI,Liquid-solid,V-H,90,0,354.330708661417,3,119.728285652644,1920,0.0049663125,0.146484375,45,0.0234375,0.4,132.001836547291,0.0822320117474302,1,0.017325978018276,0.0138607824146208,0.0207911736219312,https://www.sciencedirect.com/science/article/pii/S0043164815003749
106,DI,Liquid-solid,V-H,90,0,354.330708661417,3,119.728285652644,1920,0.0049663125,0.146484375,45,0.0234375,0.4,132.001836547291,0.0822320117474302,1,0.0130830343232974,0.0104664274586379,0.0156996411879569,https://www.sciencedirect.com/science/article/pii/S0043164815003749
107,DI,Liquid-solid,V-H,90,0,354.330708661417,3,119.728285652644,1920,0.0049663125,0.146484375,45,0.0234375,0.4,132.001836547291,0.0822320117474302,1,0.010847661489815,0.008678129191852,0.013017193787778,https://www.sciencedirect.com/science/article/pii/S0043164815003749
108,DI,Liquid-solid,V-H,90,0,354.330708661417,3,119.728285652644,1920,0.0049663125,0.146484375,45,0.0234375,0.4,132.001836547291,0.0822320117474302,1,0.00988700385814703,0.00790960308651762,0.0118644046297764,https://www.sciencedirect.com/science/article/pii/S0043164815003749
109,DI,Liquid-solid,V-H,90,0,354.330708661417,3,119.728285652644,1920,0.0049663125,0.146484375,45,0.0234375,0.4,132.001836547291,0.0822320117474302,1,0.00951761795116681,0.00761409436093345,0.0114211415414002,https://www.sciencedirect.com/science/article/pii/S0043164815003749
110,DI,Liquid-solid,V-H,90,0,354.330708661417,3,119.728285652644,1920,0.0049663125,0.146484375,45,0.0234375,0.4,132.001836547291,0.0822320117474302,1,0.00974836386131074,0.00779869108904859,0.0116980366335729,https://www.sciencedirect.com/science/article/pii/S0043164815003749
111,DI,Liquid-solid,V-H,90,0,354.330708661417,3,119.728285652644,1920,0.0049663125,0.146484375,45,0.0234375,0.4,132.001836547291,0.0822320117474302,1,0.00940854794333271,0.00752683835466617,0.0112902575319993,https://www.sciencedirect.com/science/article/pii/S0043164815003749
112,DI,Liquid-solid,V-H,90,0,354.330708661417,3,119.728285652644,1920,0.0049663125,0.146484375,45,0.0234375,0.4,132.001836547291,0.0822320117474302,1,0.0102331707025053,0.00818653656200424,0.0122798048430064,https://www.sciencedirect.com/science/article/pii/S0043164815003749
113,DI,Liquid-solid,V-H,90,0,354.330708661417,5.2,119.728285652644,1920,0.0049663125,0.146484375,45,0.0234375,0.4,132.001836547291,0.0340030911901082,1,0.0142666853898783,0.0114133483119026,0.017120022467854,https://www.sciencedirect.com/science/article/pii/S0043164815003749
114,DI,Liquid-solid,V-H,90,0,354.330708661417,5.2,119.728285652644,1920,0.0049663125,0.146484375,45,0.0234375,0.4,132.001836547291,0.0340030911901082,1,0.0121547302478914,0.00972378419831312,0.0145856762974697,https://www.sciencedirect.com/science/article/pii/S0043164815003749
115,DI,Liquid-solid,V-H,90,0,354.330708661417,5.2,119.728285652644,1920,0.0049663125,0.146484375,45,0.0234375,0.4,132.001836547291,0.0340030911901082,1,0.0119190279090198,0.00953522232721584,0.0143028334908238,https://www.sciencedirect.com/science/article/pii/S0043164815003749
116,DI,Liquid-solid,V-H,90,0,354.330708661417,5.2,119.728285652644,1920,0.0049663125,0.146484375,45,0.0234375,0.4,132.001836547291,0.0340030911901082,1,0.0118412489910108,0.00947299919280864,0.014209498789213,https://www.sciencedirect.com/science/article/pii/S0043164815003749
117,DI,Liquid-solid,V-H,90,0,354.330708661417,5.2,119.728285652644,1920,0.0049663125,0.146484375,45,0.0234375,0.4,132.001836547291,0.0340030911901082,1,0.0128904256855416,0.0103123405484333,0.0154685108226499,https://www.sciencedirect.com/science/article/pii/S0043164815003749
118,DI,Liquid-solid,V-H,90,0,354.330708661417,5.2,119.728285652644,1920,0.0049663125,0.146484375,45,0.0234375,0.4,132.001836547291,0.0340030911901082,1,0.013120284125176,0.0104962273001408,0.0157443409502112,https://www.sciencedirect.com/science/article/pii/S0043164815003749
119,DI,Liquid-solid,V-H,90,0,354.330708661417,5.2,119.728285652644,1920,0.0049663125,0.146484375,45,0.0234375,0.4,132.001836547291,0.0340030911901082,1,0.0126784273759456,0.0101427419007565,0.0152141128511347,https://www.sciencedirect.com/science/article/pii/S0043164815003749
120,DI,Liquid-solid,V-H,90,0,354.330708661417,5.2,119.728285652644,1920,0.0049663125,0.146484375,45,0.0234375,0.4,132.001836547291,0.0340030911901082,1,0.0129434456016455,0.0103547564813164,0.0155321347219746,https://www.sciencedirect.com/science/article/pii/S0043164815003749
121,DI,Liquid-solid,V-H,90,0,354.330708661417,5.2,119.728285652644,1920,0.0049663125,0.146484375,45,0.0234375,0.4,132.001836547291,0.0605035700864337,1,0.0128556131034341,0.0102844904827473,0.0154267357241209,https://www.sciencedirect.com/science/article/pii/S0043164815003749
122,DI,Liquid-solid,V-H,90,0,354.330708661417,5.2,119.728285652644,1920,0.0049663125,0.146484375,45,0.0234375,0.4,132.001836547291,0.0605035700864337,1,0.0101700626546624,0.00813605012372992,0.0122040751855949,https://www.sciencedirect.com/science/article/pii/S0043164815003749
123,DI,Liquid-solid,V-H,90,0,354.330708661417,5.2,119.728285652644,1920,0.0049663125,0.146484375,45,0.0234375,0.4,132.001836547291,0.0605035700864337,1,0.00805639850787454,0.00644511880629963,0.00966767820944945,https://www.sciencedirect.com/science/article/pii/S0043164815003749
124,DI,Liquid-solid,V-H,90,0,354.330708661417,5.2,119.728285652644,1920,0.0049663125,0.146484375,45,0.0234375,0.4,132.001836547291,0.0605035700864337,1,0.00692574577862145,0.00554059662289716,0.00831089493434574,https://www.sciencedirect.com/science/article/pii/S0043164815003749
125,DI,Liquid-solid,V-H,90,0,354.330708661417,5.2,119.728285652644,1920,0.0049663125,0.146484375,45,0.0234375,0.4,132.001836547291,0.0605035700864337,1,0.0071336783958941,0.00570694271671528,0.00856041407507292,https://www.sciencedirect.com/science/article/pii/S0043164815003749
126,DI,Liquid-solid,V-H,90,0,354.330708661417,5.2,119.728285652644,1920,0.0049663125,0.146484375,45,0.0234375,0.4,132.001836547291,0.0605035700864337,1,0.00748878009279593,0.00599102407423674,0.00898653611135512,https://www.sciencedirect.com/science/article/pii/S0043164815003749
127,DI,Liquid-solid,V-H,90,0,354.330708661417,5.2,119.728285652644,1920,0.0049663125,0.146484375,45,0.0234375,0.4,132.001836547291,0.0605035700864337,1,0.0076124392695158,0.00608995141561264,0.00913492712341896,https://www.sciencedirect.com/science/article/pii/S0043164815003749
128,DI,Liquid-solid,V-H,90,0,354.330708661417,5.2,119.728285652644,1920,0.0049663125,0.146484375,45,0.0234375,0.4,132.001836547291,0.0605035700864337,1,0.00836269734302143,0.00669015787441714,0.0100352368116257,https://www.sciencedirect.com/science/article/pii/S0043164815003749
129,DI,Liquid-solid,V-H,90,0,354.330708661417,5.2,119.728285652644,1920,0.0049663125,0.146484375,45,0.0234375,0.4,132.001836547291,0.0822320117474302,1,0.00974587675956068,0.00779670140764855,0.0116950521114728,https://www.sciencedirect.com/science/article/pii/S0043164815003749
130,DI,Liquid-solid,V-H,90,0,354.330708661417,5.2,119.728285652644,1920,0.0049663125,0.146484375,45,0.0234375,0.4,132.001836547291,0.0822320117474302,1,0.00803803262616897,0.00643042610093518,0.00964563915140276,https://www.sciencedirect.com/science/article/pii/S0043164815003749
131,DI,Liquid-solid,V-H,90,0,354.330708661417,5.2,119.728285652644,1920,0.0049663125,0.146484375,45,0.0234375,0.4,132.001836547291,0.0822320117474302,1,0.00658197133927517,0.00526557707142014,0.00789836560713021,https://www.sciencedirect.com/science/article/pii/S0043164815003749
132,DI,Liquid-solid,V-H,90,0,354.330708661417,5.2,119.728285652644,1920,0.0049663125,0.146484375,45,0.0234375,0.4,132.001836547291,0.0822320117474302,1,0.00578650939456203,0.00462920751564962,0.00694381127347444,https://www.sciencedirect.com/science/article/pii/S0043164815003749
133,DI,Liquid-solid,V-H,90,0,354.330708661417,5.2,119.728285652644,1920,0.0049663125,0.146484375,45,0.0234375,0.4,132.001836547291,0.0822320117474302,1,0.00559561701773259,0.00447649361418607,0.00671474042127911,https://www.sciencedirect.com/science/article/pii/S0043164815003749
134,DI,Liquid-solid,V-H,90,0,354.330708661417,5.2,119.728285652644,1920,0.0049663125,0.146484375,45,0.0234375,0.4,132.001836547291,0.0822320117474302,1,0.00559887582740377,0.00447910066192302,0.00671865099288452,https://www.sciencedirect.com/science/article/pii/S0043164815003749
135,DI,Liquid-solid,V-H,90,0,354.330708661417,5.2,119.728285652644,1920,0.0049663125,0.146484375,45,0.0234375,0.4,132.001836547291,0.0822320117474302,1,0.00594225251032926,0.00475380200826341,0.00713070301239511,https://www.sciencedirect.com/science/article/pii/S0043164815003749
136,DI,Liquid-solid,V-H,90,0,354.330708661417,5.2,119.728285652644,1920,0.0049663125,0.146484375,45,0.0234375,0.4,132.001836547291,0.0822320117474302,1,0.00624178333134144,0.00499342666507315,0.00749013999760973,https://www.sciencedirect.com/science/article/pii/S0043164815003749
137,DI,Liquid-solid,V-H,90,0,354.330708661417,7.4,119.728285652644,1920,0.0049663125,0.146484375,45,0.0234375,0.4,132.001836547291,0.0340030911901082,1,0.00699749348972877,0.00559799479178302,0.00839699218767452,https://www.sciencedirect.com/science/article/pii/S0043164815003749
138,DI,Liquid-solid,V-H,90,0,354.330708661417,7.4,119.728285652644,1920,0.0049663125,0.146484375,45,0.0234375,0.4,132.001836547291,0.0340030911901082,1,0.00511913322789524,0.00409530658231619,0.00614295987347429,https://www.sciencedirect.com/science/article/pii/S0043164815003749
139,DI,Liquid-solid,V-H,90,0,354.330708661417,7.4,119.728285652644,1920,0.0049663125,0.146484375,45,0.0234375,0.4,132.001836547291,0.0340030911901082,1,0.00391632956751395,0.00313306365401116,0.00469959548101674,https://www.sciencedirect.com/science/article/pii/S0043164815003749
140,DI,Liquid-solid,V-H,90,0,354.330708661417,7.4,119.728285652644,1920,0.0049663125,0.146484375,45,0.0234375,0.4,132.001836547291,0.0340030911901082,1,0.00409993031812331,0.00327994425449865,0.00491991638174797,https://www.sciencedirect.com/science/article/pii/S0043164815003749
141,DI,Liquid-solid,V-H,90,0,354.330708661417,7.4,119.728285652644,1920,0.0049663125,0.146484375,45,0.0234375,0.4,132.001836547291,0.0340030911901082,1,0.00600852841874841,0.00480682273499873,0.00721023410249809,https://www.sciencedirect.com/science/article/pii/S0043164815003749
142,DI,Liquid-solid,V-H,90,0,354.330708661417,7.4,119.728285652644,1920,0.0049663125,0.146484375,45,0.0234375,0.4,132.001836547291,0.0340030911901082,1,0.00702504506231818,0.00562003604985454,0.00843005407478182,https://www.sciencedirect.com/science/article/pii/S0043164815003749
143,DI,Liquid-solid,V-H,90,0,354.330708661417,7.4,119.728285652644,1920,0.0049663125,0.146484375,45,0.0234375,0.4,132.001836547291,0.0340030911901082,1,0.0067876757101771,0.00543014056814168,0.00814521085221252,https://www.sciencedirect.com/science/article/pii/S0043164815003749
144,DI,Liquid-solid,V-H,90,0,354.330708661417,7.4,119.728285652644,1920,0.0049663125,0.146484375,45,0.0234375,0.4,132.001836547291,0.0340030911901082,1,0.00639612004511205,0.00511689603608964,0.00767534405413446,https://www.sciencedirect.com/science/article/pii/S0043164815003749
145,DI,Liquid-solid,V-H,90,0,354.330708661417,7.4,119.728285652644,1920,0.0049663125,0.146484375,45,0.0234375,0.4,132.001836547291,0.0605035700864337,1,0.00332183942567495,0.00265747154053996,0.00398620731080994,https://www.sciencedirect.com/science/article/pii/S0043164815003749
146,DI,Liquid-solid,V-H,90,0,354.330708661417,7.4,119.728285652644,1920,0.0049663125,0.146484375,45,0.0234375,0.4,132.001836547291,0.0605035700864337,1,0.00255097624172227,0.00204078099337782,0.00306117149006672,https://www.sciencedirect.com/science/article/pii/S0043164815003749
147,DI,Liquid-solid,V-H,90,0,354.330708661417,7.4,119.728285652644,1920,0.0049663125,0.146484375,45,0.0234375,0.4,132.001836547291,0.0605035700864337,1,0.00255347829764524,0.00204278263811619,0.00306417395717429,https://www.sciencedirect.com/science/article/pii/S0043164815003749
148,DI,Liquid-solid,V-H,90,0,354.330708661417,7.4,119.728285652644,1920,0.0049663125,0.146484375,45,0.0234375,0.4,132.001836547291,0.0605035700864337,1,0.00275054804109346,0.00220043843287477,0.00330065764931215,https://www.sciencedirect.com/science/article/pii/S0043164815003749
149,DI,Liquid-solid,V-H,90,0,354.330708661417,7.4,119.728285652644,1920,0.0049663125,0.146484375,45,0.0234375,0.4,132.001836547291,0.0605035700864337,1,0.00281919727038795,0.00225535781631036,0.00338303672446554,https://www.sciencedirect.com/science/article/pii/S0043164815003749
150,DI,Liquid-solid,V-H,90,0,354.330708661417,7.4,119.728285652644,1920,0.0049663125,0.146484375,45,0.0234375,0.4,132.001836547291,0.0605035700864337,1,0.00308926214061574,0.00247140971249259,0.00370711456873889,https://www.sciencedirect.com/science/article/pii/S0043164815003749
151,DI,Liquid-solid,V-H,90,0,354.330708661417,7.4,119.728285652644,1920,0.0049663125,0.146484375,45,0.0234375,0.4,132.001836547291,0.0605035700864337,1,0.00326491898442043,0.00261193518753634,0.00391790278130452,https://www.sciencedirect.com/science/article/pii/S0043164815003749
152,DI,Liquid-solid,V-H,90,0,354.330708661417,7.4,119.728285652644,1920,0.0049663125,0.146484375,45,0.0234375,0.4,132.001836547291,0.0605035700864337,1,0.00377543550317921,0.00302034840254337,0.00453052260381505,https://www.sciencedirect.com/science/article/pii/S0043164815003749
153,DI,Liquid-solid,V-H,90,0,354.330708661417,7.4,119.728285652644,1920,0.0049663125,0.146484375,45,0.0234375,0.4,132.001836547291,0.0340030911901082,1,0.00276215726754453,0.00220972581403562,0.00331458872105344,https://www.sciencedirect.com/science/article/pii/S0043164815003749
154,DI,Liquid-solid,V-H,90,0,354.330708661417,7.4,119.728285652644,1920,0.0049663125,0.146484375,45,0.0234375,0.4,132.001836547291,0.0340030911901082,1,0.00266767658666622,0.00213414126933298,0.00320121190399946,https://www.sciencedirect.com/science/article/pii/S0043164815003749
155,DI,Liquid-solid,V-H,90,0,354.330708661417,7.4,119.728285652644,1920,0.0049663125,0.146484375,45,0.0234375,0.4,132.001836547291,0.0340030911901082,1,0.00222864284411791,0.00178291427529433,0.00267437141294149,https://www.sciencedirect.com/science/article/pii/S0043164815003749
156,DI,Liquid-solid,V-H,90,0,354.330708661417,7.4,119.728285652644,1920,0.0049663125,0.146484375,45,0.0234375,0.4,132.001836547291,0.0340030911901082,1,0.00218227216556397,0.00174581773245118,0.00261872659867676,https://www.sciencedirect.com/science/article/pii/S0043164815003749
157,DI,Liquid-solid,V-H,90,0,354.330708661417,7.4,119.728285652644,1920,0.0049663125,0.146484375,45,0.0234375,0.4,132.001836547291,0.0340030911901082,1,0.00207958249524656,0.00166366599619725,0.00249549899429587,https://www.sciencedirect.com/science/article/pii/S0043164815003749
158,DI,Liquid-solid,V-H,90,0,354.330708661417,7.4,119.728285652644,1920,0.0049663125,0.146484375,45,0.0234375,0.4,132.001836547291,0.0340030911901082,1,0.00216797821725611,0.00173438257380489,0.00260157386070733,https://www.sciencedirect.com/science/article/pii/S0043164815003749
159,DI,Liquid-solid,V-H,90,0,354.330708661417,7.4,119.728285652644,1920,0.0049663125,0.146484375,45,0.0234375,0.4,132.001836547291,0.0340030911901082,1,0.0017439903503109,0.00139519228024872,0.00209278842037308,https://www.sciencedirect.com/science/article/pii/S0043164815003749
160,DI,Liquid-solid,V-H,90,0,354.330708661417,7.4,119.728285652644,1920,0.0049663125,0.146484375,45,0.0234375,0.4,132.001836547291,0.0340030911901082,1,0.00271961204764044,0.00217568963811235,0.00326353445716853,https://www.sciencedirect.com/science/article/pii/S0043164815003749
161,DI,Liquid-solid,V-H,90,0,354.330708661417,3,119.728285652644,1920,0.0049663125,0.146484375,45,0.0234375,0.4,132.001836547291,0.0180675569520817,1,0.0222654579477837,0.017812366358227,0.0267185495373404,https://www.sciencedirect.com/science/article/pii/S0043164815003749
162,DI,Liquid-solid,V-H,90,0,354.330708661417,0.2375,119.728285652644,1920,0.0049663125,0.146484375,45,0.0234375,0.4,132.001836547291,0.0340030911901082,1,0.0221467461180679,0.0177173968944543,0.0265760953416815,https://www.sciencedirect.com/science/article/pii/S0043164815003749
163,DI,Liquid-solid,V-H,90,0,354.330708661417,3,119.728285652644,1920,0.0049663125,0.146484375,45,0.0234375,0.4,132.001836547291,0.047981721249048,1,0.0188150846901983,0.0150520677521586,0.022578101628238,https://www.sciencedirect.com/science/article/pii/S0043164815003749
164,DI,Liquid-solid,V-H,90,0,354.330708661417,3,119.728285652644,1920,0.0049663125,0.146484375,45,0.0234375,0.4,132.001836547291,0.0605035700864337,1,0.0167368676624176,0.0133894941299341,0.0200842411949011,https://www.sciencedirect.com/science/article/pii/S0043164815003749
165,DI,Liquid-solid,V-H,90,0,354.330708661417,3,119.728285652644,1920,0.0049663125,0.146484375,45,0.0234375,0.4,132.001836547291,0.0720118782479584,1,0.0166557980569942,0.0133246384455954,0.019986957668393,https://www.sciencedirect.com/science/article/pii/S0043164815003749
166,DI,Liquid-solid,V-H,90,0,354.330708661417,3,119.728285652644,1920,0.0049663125,0.146484375,45,0.0234375,0.4,132.001836547291,0.0822320117474302,1,0.0138504341474515,0.0110803473179612,0.0166205209769418,https://www.sciencedirect.com/science/article/pii/S0043164815003749
167,DI,Liquid-solid,V-H,90,0,354.330708661417,5.2,119.728285652644,1920,0.0049663125,0.146484375,45,0.0234375,0.4,132.001836547291,0.0180675569520817,1,0.0232686854657833,0.0186149483726266,0.02792242255894,https://www.sciencedirect.com/science/article/pii/S0043164815003749
168,DI,Liquid-solid,V-H,90,0,354.330708661417,5.2,119.728285652644,1920,0.0049663125,0.146484375,45,0.0234375,0.4,132.001836547291,0.0340030911901082,1,0.0166289710368804,0.0133031768295043,0.0199547652442565,https://www.sciencedirect.com/science/article/pii/S0043164815003749
169,DI,Liquid-solid,V-H,90,0,354.330708661417,5.2,119.728285652644,1920,0.0049663125,0.146484375,45,0.0234375,0.4,132.001836547291,0.047981721249048,1,0.0109520688254475,0.008761655060358,0.013142482590537,https://www.sciencedirect.com/science/article/pii/S0043164815003749
170,DI,Liquid-solid,V-H,90,0,354.330708661417,5.2,119.728285652644,1920,0.0049663125,0.146484375,45,0.0234375,0.4,132.001836547291,0.0605035700864337,1,0.0118351153902974,0.00946809231223792,0.0142021384683569,https://www.sciencedirect.com/science/article/pii/S0043164815003749
171,DI,Liquid-solid,V-H,90,0,354.330708661417,5.2,119.728285652644,1920,0.0049663125,0.146484375,45,0.0234375,0.4,132.001836547291,0.0720118782479584,1,0.0100423987960564,0.00803391903684512,0.0120508785552677,https://www.sciencedirect.com/science/article/pii/S0043164815003749
172,DI,Liquid-solid,V-H,90,0,354.330708661417,5.2,119.728285652644,1920,0.0049663125,0.146484375,45,0.0234375,0.4,132.001836547291,0.0822320117474302,1,0.00833268856758374,0.00666615085406699,0.00999922628110049,https://www.sciencedirect.com/science/article/pii/S0043164815003749
173,DI,Liquid-solid,V-H,90,0,354.330708661417,7.4,119.728285652644,1920,0.0049663125,0.146484375,45,0.0234375,0.4,132.001836547291,0.0180675569520817,1,0.0110011722837305,0.0088009378269844,0.0132014067404766,https://www.sciencedirect.com/science/article/pii/S0043164815003749
174,DI,Liquid-solid,V-H,90,0,354.330708661417,7.4,119.728285652644,1920,0.0049663125,0.146484375,45,0.0234375,0.4,132.001836547291,0.0340030911901082,1,0.00800918749588834,0.00640734999671067,0.00961102499506601,https://www.sciencedirect.com/science/article/pii/S0043164815003749
175,DI,Liquid-solid,V-H,90,0,354.330708661417,7.4,119.728285652644,1920,0.0049663125,0.146484375,45,0.0234375,0.4,132.001836547291,0.047981721249048,1,0.00586553508278624,0.00469242806622899,0.00703864209934349,https://www.sciencedirect.com/science/article/pii/S0043164815003749
176,DI,Liquid-solid,V-H,90,0,354.330708661417,7.4,119.728285652644,1920,0.0049663125,0.146484375,45,0.0234375,0.4,132.001836547291,0.0605035700864337,1,0.00560453254329532,0.00448362603463626,0.00672543905195438,https://www.sciencedirect.com/science/article/pii/S0043164815003749
177,DI,Liquid-solid,V-H,90,0,354.330708661417,7.4,119.728285652644,1920,0.0049663125,0.146484375,45,0.0234375,0.4,132.001836547291,0.0720118782479584,1,0.00396143185240727,0.00316914548192582,0.00475371822288872,https://www.sciencedirect.com/science/article/pii/S0043164815003749
178,DI,Liquid-solid,V-H,90,0,354.330708661417,7.4,119.728285652644,1920,0.0049663125,0.146484375,45,0.0234375,0.4,132.001836547291,0.0822320117474302,1,0.00307453241254923,0.00245962593003938,0.00368943889505908,https://www.sciencedirect.com/science/article/pii/S0043164815003749
179,DI,Liquid-solid,V-H,90,0,354.330708661417,1.67105263157895,29.8480737362979,619.4,0.04370355,0.142088815789474,24.45,0.0394736842105263,0.377358490566038,2858.40382264876,5.66999036814239E-05,1,0.000119112094752048,9.52896758016384E-05,0.000142934513702458,Mansouri Thesis
180,DI,Liquid-solid,V-H,75,0,354.330708661417,1.67105263157895,29.8480737362979,619.4,0.04370355,0.142088815789474,24.45,0.0394736842105263,0.377358490566038,2858.40382264876,5.66999036814239E-05,1,0.000138278019139982,0.000110622415311986,0.000165933622967978,Mansouri Thesis
181,DI,Liquid-solid,V-H,45,0,354.330708661417,1.67105263157895,29.8480737362979,619.4,0.04370355,0.142088815789474,24.45,0.0394736842105263,0.377358490566038,2858.40382264876,5.66999036814239E-05,1,7.47045649527843E-05,5.97636519622274E-05,8.96454779433411E-05,Mansouri Thesis
182,DI,Liquid-solid,V-H,75,0,354.330708661417,1.67105263157895,29.8480737362979,11.2618181818182,1.44474545454545E-05,0.00258343301435407,0.444545454545455,0.0394736842105263,0.377358490566038,2858.40382264876,5.66999036814239E-05,1,0.0001726235607169,0.00013809884857352,0.00020714827286028,Mansouri Thesis
183,DI,Liquid-solid,V-H,45,0,354.330708661417,1.67105263157895,29.8480737362979,11.2618181818182,1.44474545454545E-05,0.00258343301435407,0.444545454545455,0.0394736842105263,0.377358490566038,2858.40382264876,5.66999036814239E-05,1,8.37798985695545E-05,6.70239188556436E-05,0.000100535878283465,Mansouri Thesis
184,DI,Liquid-solid,V-H,90,0,354.330708661417,1.67105263157895,29.8480737362979,619.4,0.04370355,0.142088815789474,24.45,0.0394736842105263,0.377358490566038,2858.40382264876,5.6699903681424E-05,1,7.23374536218082E-05,5.78699628974466E-05,8.68049443461698E-05,Mansouri Thesis
185,DI,Liquid-solid,V-H,90,0,354.330708661417,1.67105263157895,29.8480737362979,619.4,0.04370355,0.142088815789474,24.45,0.0394736842105263,0.377358490566038,2858.40382264876,5.6699903681424E-05,1,0.000110077908435973,8.80623267487784E-05,0.000132093490123168,Mansouri Thesis
186,DI,Gas-solid,H-V,90,0,354.330708661417,1.67105263157895,399.195096595886,56377.2222222222,2652.5826140625,10557.3830409357,2225.41666666667,0.0394736842105263,0.000462264150943396,15.9803322876767,4.23971062802327E-06,1,0.000208875708821282,0.000167100567057026,0.000250650850585538,https://www.sciencedirect.com/science/article/pii/S0043164814003627
187,DI,Gas-solid,H-V,60,0,354.330708661417,1.67105263157895,399.195096595886,56377.2222222222,2652.5826140625,10557.3830409357,2225.41666666667,0.0394736842105263,0.000462264150943396,15.9803322876767,4.23971062802327E-06,1,0.000194394340789475,0.00015551547263158,0.00023327320894737,https://www.sciencedirect.com/science/article/pii/S0043164814003627
188,DI,Gas-solid,H-V,45,0,354.330708661417,1.67105263157895,399.195096595886,56377.2222222222,2652.5826140625,10557.3830409357,2225.41666666667,0.0394736842105263,0.000462264150943396,15.9803322876767,4.23971062802327E-06,1,0.000192571148266165,0.000154056918612932,0.000231085377919398,https://www.sciencedirect.com/science/article/pii/S0043164814003627
189,DI,Gas-solid,H-V,30,0,354.330708661417,1.67105263157895,399.195096595886,56377.2222222222,2652.5826140625,10557.3830409357,2225.41666666667,0.0394736842105263,0.000462264150943396,15.9803322876767,4.23971062802327E-06,1,0.000165421377002642,0.000132337101602114,0.00019850565240317,https://www.sciencedirect.com/science/article/pii/S0043164814003627
190,DI,Gas-solid,H-V,15,0,354.330708661417,1.67105263157895,399.195096595886,56377.2222222222,2652.5826140625,10557.3830409357,2225.41666666667,0.0394736842105263,0.000462264150943396,15.9803322876767,4.23971062802327E-06,1,9.02456175804356E-05,7.21964940643485E-05,0.000108294741096523,https://www.sciencedirect.com/science/article/pii/S0043164814003627
191,DI,Liquid-solid,V-H,90,0,354.330708661417,1.5875,49.9745093024473,1120,0.0000413859375,0.006015625,10.5,0.009375,0.909090909090909,968.685346479017,0.00908871627990326,1,0.000325505756857221,0.000260404605485777,0.000390606908228665,karimi Thesis - TABLE a2
192,DI,Liquid-solid,V-H,75,0,354.330708661417,1.5875,49.9745093024473,1120,0.0000413859375,0.006015625,10.5,0.009375,0.909090909090909,968.685346479017,0.00908871627990326,1,0.000408364761877722,0.000326691809502178,0.000490037714253266,karimi Thesis - TABLE a2
193,DI,Liquid-solid,V-H,45,0,354.330708661417,1.5875,49.9745093024473,1120,0.0000413859375,0.006015625,10.5,0.009375,0.909090909090909,968.685346479017,0.00908871627990326,1,0.000149567666797302,0.000119654133437842,0.000179481200156762,karimi Thesis - TABLE a2
194,DI,Liquid-solid,V-H,90,0,354.330708661417,1.5875,49.9745093024473,1120,0.0000015328125,0.000668402777777778,3.5,0.003125,0.909090909090909,968.685346479017,0.0269017111967078,1,4.17549371664515E-05,3.34039497331612E-05,5.01059245997418E-05,karimi Thesis - TABLE a1
195,DI,Liquid-solid,V-H,75,0,354.330708661417,1.5875,49.9745093024473,1120,0.0000015328125,0.000668402777777778,3.5,0.003125,0.909090909090909,968.685346479017,0.0269017111967078,1,7.31056233995274E-05,5.84844987196219E-05,8.77267480794329E-05,karimi Thesis - TABLE a1
196,DI,Liquid-solid,V-H,45,0,354.330708661417,1.5875,49.9745093024473,1120,0.0000015328125,0.000668402777777778,3.5,0.003125,0.909090909090909,968.685346479017,0.0269017111967078,1,6.6124887373741E-05,5.28999098989928E-05,7.93498648484892E-05,karimi Thesis - TABLE a1
197,DI,Liquid-solid,V-H,90,0,354.330708661417,1.5875,49.9745093024473,1120,0.0000413859375,0.006015625,10.5,0.009375,0.909090909090909,968.685346479017,0.00908871627990326,1,0.000410989004184597,0.000328791203347678,0.000493186805021516,karimi Thesis - TABLE a2
198,DI,Liquid-solid,V-H,75,0,354.330708661417,1.5875,49.9745093024473,1120,0.0000413859375,0.006015625,10.5,0.009375,0.909090909090909,968.685346479017,0.00908871627990326,1,0.000438780480126553,0.000351024384101242,0.000526536576151864,karimi Thesis - TABLE a2
199,DI,Liquid-solid,V-H,45,0,354.330708661417,1.5875,85.6705873756239,1920,0.0000413859375,0.0103125,18,0.009375,0.909090909090909,329.622097065777,0.00532190503198704,1,0.000185580508192651,0.000148464406554121,0.000222696609831181,karimi Thesis - TABLE a2
200,DI,Liquid-solid,V-H,90,0,354.330708661417,1.5875,49.9745093024473,1120,0.0000015328125,0.000668402777777778,3.5,0.003125,0.909090909090909,968.685346479017,0.0269017111967078,1,5.50998653516657E-05,4.40798922813326E-05,6.61198384219988E-05,karimi Thesis - TABLE a1
201,DI,Liquid-solid,V-H,45,0,354.330708661417,1.5875,49.9745093024473,1120,0.0000015328125,0.000668402777777778,3.5,0.003125,0.909090909090909,968.685346479017,0.0269017111967078,1,7.21907748116831E-05,5.77526198493465E-05,8.66289297740197E-05,karimi Thesis - TABLE a1
202,DI,Liquid-solid,V-H,90,0,354.330708661417,1.5875,49.9745093024473,1120,0.0000413859375,0.006015625,10.5,0.009375,0.909090909090909,968.685346479017,0.00908871627990326,1,0.000547467069229879,0.000437973655383903,0.000656960483075855,karimi Thesis - TABLE a2
203,DI,Liquid-solid,V-H,75,0,354.330708661417,1.5875,49.9745093024473,1120,0.0000413859375,0.006015625,10.5,0.009375,0.909090909090909,968.685346479017,0.00908871627990326,1,0.000413629587461725,0.00033090366996938,0.00049635550495407,karimi Thesis - TABLE a2
204,DI,Liquid-solid,V-H,45,0,354.330708661417,1.5875,49.9745093024473,1120,0.0000413859375,0.006015625,10.5,0.009375,0.909090909090909,968.685346479017,0.00908871627990326,1,0.000194644296158669,0.000155715436926935,0.000233573155390403,karimi Thesis - TABLE a2
205,DI,Liquid-solid,V-H,90,0,354.330708661417,1.5875,49.9745093024473,1120,0.0000015328125,0.000668402777777778,3.5,0.003125,0.909090909090909,968.685346479017,0.0269017111967078,1,4.27917414751982E-05,3.42333931801586E-05,5.13500897702378E-05,karimi Thesis - TABLE a1
206,DI,Liquid-solid,V-H,75,0,354.330708661417,1.5875,49.9745093024473,1120,0.0000015328125,0.000668402777777778,3.5,0.003125,0.909090909090909,968.685346479017,0.0269017111967078,1,7.99847604311376E-05,6.39878083449101E-05,9.59817125173651E-05,karimi Thesis - TABLE a1
207,DI,Liquid-solid,V-H,45,0,354.330708661417,1.5875,49.9745093024473,1120,0.0000015328125,0.000668402777777778,3.5,0.003125,0.909090909090909,968.685346479017,0.0269017111967078,1,5.88164405433852E-05,4.70531524347082E-05,7.05797286520622E-05,karimi Thesis - TABLE a1
208,DI,Liquid-solid,V-H,90,0,354.330708661417,1.5875,49.9745093024473,1120,0.0000015328125,0.000668402777777778,3.5,0.003125,0.909090909090909,968.685346479017,0.0269017111967078,1,5.31990574522968E-05,4.25592459618374E-05,6.38388689427562E-05,karimi Thesis - TABLE a1
209,DI,Liquid-solid,V-H,90,0,354.330708661417,1.5875,49.9745093024473,1120,0.0000015328125,0.000668402777777778,3.5,0.003125,0.909090909090909,968.685346479017,0.0269017111967078,1,5.93334829457148E-05,4.74667863565718E-05,7.12001795348577E-05,karimi Thesis - TABLE a1
210,DI,Liquid-solid,V-H,90,0,354.330708661417,1.5875,49.9745093024473,1120,0.0000413859375,0.006015625,10.5,0.009375,0.909090909090909,968.685346479017,0.00908871627990326,1,0.000457979083721438,0.00036638326697715,0.000549574900465725,karimi Thesis - TABLE a2
211,DI,Liquid-solid,V-H,90,0,354.330708661417,1.5875,49.9745093024473,1120,0.0000413859375,0.006015625,10.5,0.009375,0.909090909090909,968.685346479017,0.00908871627990326,1,0.000515060400254819,0.000412048320203855,0.000618072480305783,karimi Thesis - TABLE a2
212,DI,Liquid-solid,V-H,90,0,354.330708661417,1.5875,49.9745093024473,1120,0.0003310875,0.0240625,21,0.01875,0.909090909090909,968.685346479017,0.00896185339910021,1,0.000992326431732662,0.00079386114538613,0.00119079171807919,karimi Thesis - TABLE a3
213,DI,Liquid-solid,V-H,75,0,354.330708661417,1.5875,49.9745093024473,1120,0.0003310875,0.0240625,21,0.01875,0.909090909090909,968.685346479017,0.00959584317476643,1,0.00122862032113481,0.000982896256907848,0.00147434438536177,karimi Thesis - TABLE a3
214,DI,Liquid-solid,V-H,45,0,354.330708661417,1.5875,49.9745093024473,1120,0.0003310875,0.0240625,21,0.01875,0.909090909090909,968.685346479017,0.00908871627990326,1,0.000664529298679251,0.000531623438943401,0.000797435158415101,karimi Thesis - TABLE a3
215,DI,Liquid-solid,V-H,75,0,354.330708661417,1.5875,49.9745093024473,1120,0.0000015328125,0.000668402777777778,3.5,0.003125,0.909090909090909,968.685346479017,0.0269017111967078,1,7.99847604311376E-05,6.39878083449101E-05,9.59817125173651E-05,karimi Thesis - TABLE a1
216,DI,Liquid-solid,V-H,90,0,354.330708661417,1.5875,49.9745093024473,1120,0.0003310875,0.0240625,21,0.01875,0.909090909090909,968.685346479017,0.00997584783490273,1,0.000853324102238938,0.00068265928179115,0.00102398892268673,karimi Thesis - TABLE a3
217,DI,Liquid-solid,V-H,75,0,354.330708661417,1.5875,49.9745093024473,1120,0.0003310875,0.0240625,21,0.01875,0.909090909090909,968.685346479017,0.00896185339910021,1,0.00110640955405501,0.000885127643244008,0.00132769146486601,karimi Thesis - TABLE a3
218,DI,Liquid-solid,V-H,90,0,354.330708661417,1.5875,49.9745093024473,1120,0.0026487,0.09625,42,0.0375,0.909090909090909,968.685346479017,0.0161415693447724,1,0.00198096958414811,0.00158477566731849,0.00237716350097773,karimi Thesis - TABLE a4
219,DI,Liquid-solid,V-H,75,0,354.330708661417,1.5875,49.9745093024473,1120,0.0026487,0.09625,42,0.0375,0.909090909090909,968.685346479017,0.0103555610015991,1,0.00291406940426585,0.00233125552341268,0.00349688328511902,karimi Thesis - TABLE a4
220,DI,Liquid-solid,V-H,45,0,354.330708661417,1.5875,49.9745093024473,1120,0.0026487,0.09625,42,0.0375,0.909090909090909,968.685346479017,0.00794577974356915,1,0.00358482602098627,0.00286786081678902,0.00430179122518352,karimi Thesis - TABLE a4
221,DI,Liquid-solid,V-H,90,0,354.330708661417,1.5875,49.9745093024473,1120,0.0211896,0.385,84,0.075,0.909090909090909,968.685346479017,0.0104820673388071,1,0.00134754992021937,0.0010780399361755,0.00161705990426324,karimi Thesis - TABLE a5
222,DI,Liquid-solid,V-H,90,0,354.330708661417,1.5875,49.9745093024473,1120,0.0211896,0.385,84,0.075,0.909090909090909,968.685346479017,0.010987769426601,1,0.00122644544807,0.000981156358456,0.001471734537684,karimi Thesis - TABLE a5
223,DI,Liquid-solid,V-H,90,0,354.330708661417,1.5875,49.9745093024473,1120,0.0211896,0.385,84,0.075,0.909090909090909,968.685346479017,0.00997584783490273,1,0.00256266150840834,0.00205012920672667,0.00307519381009001,karimi Thesis - TABLE a5
224,DI,Liquid-solid,V-H,90,0,354.330708661417,1.5875,49.9745093024473,20.3636363636364,5.06714876033058E-10,1.21527777777778E-05,0.0636363636363636,0.003125,0.909090909090909,968.685346479017,0.0161415693447724,1,9.02192266372629E-06,7.21753813098103E-06,1.08263071964715E-05,karimi Thesis - TABLE a6
225,DI,Liquid-solid,V-H,90,0,354.330708661417,1.5875,49.9745093024473,20.3636363636364,5.06714876033058E-10,1.21527777777778E-05,0.0636363636363636,0.003125,0.909090909090909,968.685346479017,0.0219838968504163,1,1.22878851933397E-05,9.83030815467176E-06,1.47454622320076E-05,karimi Thesis - TABLE a6
226,DI,Liquid-solid,V-H,45,0,354.330708661417,1.5875,49.9745093024473,20.3636363636364,5.06714876033058E-10,1.21527777777778E-05,0.0636363636363636,0.003125,0.909090909090909,968.685346479017,0.0203748870420284,1,9.11640988095933E-06,7.29312790476746E-06,1.09396918571512E-05,karimi Thesis - TABLE a6
227,DI,Liquid-solid,V-H,45,0,354.330708661417,1.5875,49.9745093024473,20.3636363636364,5.06714876033058E-10,1.21527777777778E-05,0.0636363636363636,0.003125,0.909090909090909,968.685346479017,0.0227247354232066,1,1.08346387867744E-05,8.66771102941952E-06,1.30015665441293E-05,karimi Thesis - TABLE a6
228,DI,Liquid-solid,V-H,90,0,354.330708661417,0.714285714285714,19.0803563144801,350,0.01848571875,0.0547123015873016,12.5,0.0357142857142857,0.453309156844968,7594.49311639549,0.00451263537906137,1,0.000375878783050381,0.000300703026440305,0.000451054539660457,https://www.sciencedirect.com/science/article/pii/S0043164809003986
229,DI,Liquid-solid,V-H,90,0,354.330708661417,0.714285714285714,28.6205344717201,525,0.01848571875,0.0820684523809524,18.75,0.0357142857142857,0.453309156844968,3375.33027395355,0.00451263537906137,1,0.00162614333749893,0.00130091466999914,0.00195137200499872,https://www.sciencedirect.com/science/article/pii/S0043164809003986
230,DI,Liquid-solid,V-H,90,0,354.330708661417,0.714285714285714,38.1607126289602,700,0.01848571875,0.109424603174603,25,0.0357142857142857,0.453309156844968,1898.62327909887,0.00451263537906137,1,0.00215786362843148,0.00172629090274518,0.00258943635411777,https://www.sciencedirect.com/science/article/pii/S0043164809003986
231,DI,Liquid-solid,V-H,75,0,354.330708661417,0.714285714285714,19.0803563144801,350,0.01848571875,0.0547123015873016,12.5,0.0357142857142857,0.453309156844968,7594.49311639549,0.00451263537906137,1,0.00113135653542724,0.000905085228341794,0.00135762784251269,https://www.sciencedirect.com/science/article/pii/S0043164809003986
232,DI,Liquid-solid,V-H,45,0,354.330708661417,0.714285714285714,19.0803563144801,350,0.01848571875,0.0547123015873016,12.5,0.0357142857142857,0.453309156844968,7594.49311639549,0.00451263537906137,1,0.000721791125133312,0.00057743290010665,0.000866149350159974,https://www.sciencedirect.com/science/article/pii/S0043164809003986
